old_category,new_category,prey_category,prey_group,prey_group_less
Acartia,Acartia,Acartia,Calanoids_Small,Calanoids_Small
Acartia_clausi,Acartia,Acartia,Calanoids_Small,Calanoids_Small
Acartia_longiremis,Acartia_longiremis,Acartia,Calanoids_Small,Calanoids_Small
Actinopterygii_Larvae,Actinopterygii_Larvae,Actinopterygii_Larvae,Fish,Fish
Aetideus_divergens,Aetideus_divergens,Aetideus_divergens,Calanoids_Small,Calanoids_Small
Amphibalanus_improvisus_Cyprid,Balanomorpha_Cyprid,Balanomorpha_Cyprid,Barnacles,Other
Anomura_Zoea,Anomura_Zoea,Anomura_Zoea,Decapods,Decapods
Aoroides_columbiae,Senticaudata,Gammarida,Amphipods,Other
Araneae,Arthropoda,Arachnida,Insects,Other
Asteroidea_Brachiolaria,Asteroidea_Brachiolaria,Echinodermata,Echinoderms,Other
Balanomorpha,Balanomorpha,Balanomorpha,Barnacles,Other
Balanomorpha_Cyprid,Balanomorpha_Cyprid,Balanomorpha_Cyprid,Barnacles,Other
Balanomorpha_Molt,Balanomorpha_Molt,Balanomorpha,Barnacles,Other
Balanomorpha_Nauplii,Balanomorpha_Nauplii,Balanomorpha_Nauplii,Barnacles,Other
Balanus_crenatus_Cyprid,Balanus_crenatus_Cyprid,Balanomorpha_Cyprid,Barnacles,Other
Balanus_glandula_Cyprid,Balanus_glandula_Cyprid,Balanomorpha_Cyprid,Barnacles,Other
Brachyura_Megalopa,Brachyura_Larvae,Decapoda_Larvae,Decapods,Decapods
Brachyura_Zoea,Brachyura_Larvae,Decapoda_Larvae,Decapods,Decapods
Calanidae_Nauplii,Calanoida_Larvae,Calanoida_Nauplii,Calanoids_Small,Calanoids_Small
Calanoida,Calanoida,Calanoida,Calanoids,Calanoids
Calanoida_Copepodite,Calanoida_Larvae,Copepodite,Calanoids_Small,Calanoids_Small
Calanus,Calanus,Calanoida,Calanoids_Large,Calanoids_Large
Calanus_marshallae,Calanus_marshallae,Calanus_marshallae,Calanoids_Large,Calanoids_Large
Calanus_pacificus,Calanus_pacificus,Calanus_pacificus,Calanoids_Large,Calanoids_Large
Cancer_antennarius_Zoea_II,Cancer_Larvae,Cancridae_Zoea,Decapods,Decapods
Cancer_antennarius_Zoea_IV,Cancer_Larvae,Cancridae_Zoea,Decapods,Decapods
Cancer_gracilis_Zoea_II,Cancer_gracilis_Zoea,Cancridae_Zoea,Decapods,Decapods
Cancer_gracilis_Zoea_III,Cancer_gracilis_Zoea,Cancridae_Zoea,Decapods,Decapods
Cancer_gracilis_Zoea_V,Cancer_gracilis_Zoea,Cancridae_Zoea,Decapods,Decapods
Cancer_oregonensis_Zoea_III,Cancer_Larvae,Cancridae_Zoea,Decapods,Decapods
Cancer_productus_Megalopa,Cancer_Larvae,Cancridae_Megalopa,Decapods,Decapods
Cancer_Zoea,Cancer_Larvae,Cancridae_Zoea,Decapods,Decapods
Candacia_columbiae,Calanoida,Candacia_columbiae,Calanoids_Large,Calanoids_Large
Caprella,Caprella,Caprella,Amphipods,Other
Caprella_californica,Caprella,Caprella,Amphipods,Other
Caprella_laeviuscula,Caprella,Caprella,Amphipods,Other
Caridea_Zoea,Caridea_Zoea,Caridea_Larvae,Decapods,Decapods
Centropages_abdominalis,Centropages_abdominalis,Centropages_abdominalis,Calanoids_Small,Calanoids_Small
Cnidaria,Cnidaria,Cnidaria,Gelatinous,Gelatinous
Copepoda,Copepoda,Digested_food,Digested,Copepods_Other
Coscinodiscophycidae,Coscinodiscophycidae,Coscinodiscophycidae,Detritus,Other
Crustacea,Crustacea,Digested_food,Digested,Digested
Ctenophora,Ctenophora,Ctenophora,Gelatinous,Gelatinous
Culicomorpha,Culicomorpha,Insecta,Insects,Other
Culicomorpha_Larvae,Diptera_Larvae,Insecta,Insects,Other
Cumacea,Cumacea,Cumacea,Cumacean,Other
Cyclopoida,Cyclopoida,Cyclopoida,Cyclopoids,Copepods_Other
Cyphocaris_challengeri,Senticaudata,Gammarida,Amphipods,Other
Detritus,Detritus,Detritus,Detritus,Other
Digested_food,Digested_food,Digested_food,Digested,Digested
Diptera,Diptera,Insecta,Insects,Other
Diptera_Pupae,Diptera_Larvae,Insecta,Insects,Other
Ditrichocorycaeus_anglicus,Ditrichocorycaeus_anglicus,Ditrichocorycaeus,Cyclopoids,Copepods_Other
Ditrichocorycaeus_anglicus_Copepodite,Ditrichocorycaeus_anglicus_Copepodite,Ditrichocorycaeus,Cyclopoids,Copepods_Other
Empty,Empty,Empty,Digested,Digested
Epilabidocera_amphrites,Epilabidocera_amphrites,Epilabidocera_amphrites,Calanoids_Large,Calanoids_Large
Epilabidocera_amphrites_Copepodite,Calanoida_Larvae,Epilabidocera_amphrites,Calanoids_Small,Calanoids_Small
Eualus_suckleyi_Zoea_I,Caridea_Zoea,Thoridae_Zoea,Decapods,Decapods
Eucalanus,Eucalanus,Eucalanus,Calanoids_Large,Calanoids_Large
Eucalanus_bungii,Eucalanus_bungii,Eucalanus,Calanoids_Large,Calanoids_Large
Eucalanus_hyalinus,Eucalanus,Eucalanus,Calanoids_Large,Calanoids_Large
Eukrohnia_hamata,Eukrohnia_hamata,Chaetognatha,Chaetognath,Chaetognath
Euphausia_pacifica,Euphausia_pacifica,Euphausia_pacifica,Euphausiids,Euphausiids
Euphausiidae,Euphausiidae,Euphausiidae,Euphausiids,Euphausiids
Euphausiidae_Calyptopis,Euphausiidae_Calyptopis,Euphausiidae_Calyptopis,Euphausiids,Euphausiids
Euphausiidae_Furcilia,Euphausiidae_Furcilia,Euphausiidae_Furcilia,Euphausiids,Euphausiids
Euphausiidae_Juvenile,Euphausiidae,Euphausiidae,Euphausiids,Euphausiids
Euphausiidae_Nauplii,Euphausiidae_Nauplii,Euphausiidae_Nauplii,Euphausiids,Euphausiids
Eurytemora_affinis,Calanoida,Eurytemora_affinis,Calanoids_Small,Calanoids_Small
Evadne,Podonidae,Evadne,Cladocerans,Other
Evadne_tergestina,Podonidae,Evadne,Cladocerans,Other
Fabia_subquadrata_Zoea_III,Pinnotheridae_Larvae,Fabia_subquadrata_Zoea,Decapods,Decapods
Glass_Object,Objects,Objects,Detritus,Other
Harpacticoida,Harpacticoida,Harpacticoida,Harpacticoids,Copepods_Other
Harpacticus,Harpacticus,Harpacticoida,Harpacticoids,Copepods_Other
Hemigrapsus_nudus_Zoea V,Hemigrapsus_Larvae,Grapsidae_Larvae,Decapods,Decapods
Hemigrapsus_nudus_Zoea_I,Hemigrapsus_Larvae,Grapsidae_Larvae,Decapods,Decapods
Hemigrapsus_oregonensis_Megalopa,Hemigrapsus_Larvae,Grapsidae_Larvae,Decapods,Decapods
Hemigrapsus_oregonensis_Zoea_I,Hemigrapsus_Larvae,Grapsidae_Larvae,Decapods,Decapods
Hemigrapsus_Zoea,Hemigrapsus_Larvae,Grapsidae_Larvae,Decapods,Decapods
Hyale,Senticaudata,Gammarida,Amphipods,Other
Hydrachnidia,Arthropoda,Arachnida,Insects,Other
Hyperia,Hyperiidae,Hyperiidae,Amphipods,Other
Hyperiidae,Hyperiidae,Hyperiidae,Amphipods,Other
Hyperiidae_Juvenile,Hyperiidae_Juvenile,Hyperiidae,Amphipods,Other
Hyperoche,Hyperoche,Hyperiidae,Amphipods,Other
Hyperoche_mediterranea,Hyperoche,Hyperiidae,Amphipods,Other
Hyperoche_medusarum,Hyperoche_medusarum,Hyperiidae,Amphipods,Other
Insecta,Arthropoda,Insecta,Insects,Other
Isopoda_Juvenile,Isopoda_Juvenile,Isopoda,Isopods,Other
Kellia_suborbicularis_Veliger,Mollusca_Veliger,Bivalvia_Veliger,Bivalves,Other
Lepeophtheirus_salmonis_Juvenile,Parasites,Parasite,Parasite,Other
Limacina_helicina,Pteropoda,Gastropoda,Gastropods,Other
Lophopanopeus_bellus_bellus_Zoea_II,Lophopanopeus_bellus_Zoea,Lophopanopeus_bellus_Zoea,Decapods,Decapods
Lophopanopeus_bellus_Zoea,Lophopanopeus_bellus_Zoea,Lophopanopeus_bellus_Zoea,Decapods,Decapods
Lophopanopeus_bellus_Zoea_I,Lophopanopeus_bellus_Zoea,Lophopanopeus_bellus_Zoea,Decapods,Decapods
Lophopanopeus_bellus_Zoea_II,Lophopanopeus_bellus_Zoea,Lophopanopeus_bellus_Zoea,Decapods,Decapods
Lophopanopeus_bellus_Zoea_III,Lophopanopeus_bellus_Zoea,Lophopanopeus_bellus_Zoea,Decapods,Decapods
Lophopanopeus_bellus_Zoea_IV,Lophopanopeus_bellus_Zoea,Lophopanopeus_bellus_Zoea,Decapods,Decapods
Mesocalanus_tenuicornis,Mesocalanus_tenuicornis,Mesocalanus_tenuicornis,Calanoids_Large,Calanoids_Large
Metridia,Metridia,Metridia,Calanoids_Large,Calanoids_Large
Metridia_curticaudata,Metridia_curticaudata,Metridia,Calanoids_Large,Calanoids_Large
Metridia_lucens,Metridia,Metridia,Calanoids_Large,Calanoids_Large
Metriocnemus_Larvae,Diptera_Larvae,Insecta,Insects,Other
Microcalanus_pygmaeus_pusillus,Microcalanus_pygmaeus_pusillus,Microcalanus_pygmaeus_pusillus,Calanoids_Small,Calanoids_Small
Microplastic_chunk_Object,Objects,Objects,Detritus,Other
Monocorophium,Senticaudata,Gammarida,Amphipods,Other
Nannastacidae,Cumacea,Cumacea,Cumacean,Other
Nematoda,Parasites,Parasite,Parasite,Other
Nematoscelis_difficilis,Euphausiidae,Nematoscelis_difficilis,Euphausiids,Euphausiids
Neocalanus_cristatus,Neocalanus,Neocalanus,Calanoids_Large,Calanoids_Large
Neocalanus_plumchrus,Neocalanus,Neocalanus,Calanoids_Large,Calanoids_Large
Neotrypaea_californiensis_Zoea_I,Neotrypaea_californiensis_Zoea,Callianassidae_Zoea,Decapods,Decapods
Neotrypaea_californiensis_Zoea_II,Neotrypaea_californiensis_Zoea,Callianassidae_Zoea,Decapods,Decapods
Neotrypaea_californiensis_Zoea_III,Neotrypaea_californiensis_Zoea,Callianassidae_Zoea,Decapods,Decapods
Oikopleura,Oikopleura,Oikopleura,Larvaceans,Larvaceans
Oithona,Cyclopoida,Oithona,Cyclopoids,Copepods_Other
Oregonia_gracilis_Zoea_II,Oregonia_gracilis_Zoea_II,Oregoniidae_Larvae,Decapods,Decapods
Ostracoda,Crustacea,Ostracoda,Ostracods,Other
Paguridae_Zoea_IV,Anomura_Zoea,Anomura_Zoea,Decapods,Decapods
Pagurus_ochotensis_Megalopa,Anomura_Zoea,Anomura_Zoea,Decapods,Decapods
Pandalidae_Zoea,Pandalidae_Zoea,Pandalidae_Larvae,Decapods,Decapods
Pandalus_eous_Zoea_IV,Pandalus_Zoea,Pandalidae_Larvae,Decapods,Decapods
Pandalus_jordani_Zoea V,Pandalus_Zoea,Pandalidae_Larvae,Decapods,Decapods
Pandalus_jordani_Zoea_VI,Pandalus_Zoea,Pandalidae_Larvae,Decapods,Decapods
Pandalus_Zoea,Pandalus_Zoea,Pandalidae_Larvae,Decapods,Decapods
Paracalanus_parvus,Paracalanus_parvus,Paracalanus,Calanoids_Small,Calanoids_Small
Paraeuchaeta_elongata,Calanoida,Paraeuchaeta_elongata,Calanoids_Large,Calanoids_Large
Pellet_Detritus,Detritus,Detritus,Detritus,Other
Phaeophyceae,Detritus,Phaeophyceae,Detritus,Other
Pinnixa_Megalopa,Pinnotheridae_Larvae,Pinnotheridae_Larvae,Decapods,Decapods
Pinnotheres_Megalopa,Pinnotheridae_Larvae,Pinnotheridae_Larvae,Decapods,Decapods
Pinnotheres_taylori_Zoea_I,Pinnotheridae_Larvae,Pinnotheridae_Larvae,Decapods,Decapods
Pinnotheridae_Zoea,Pinnotheridae_Larvae,Pinnotheridae_Larvae,Decapods,Decapods
Pleocyemata_Larvae,Pleocyemata_Larvae,Decapoda_Larvae,Decapods,Decapods
Pleocyemata_Zoea,Pleocyemata_Larvae,Decapoda_Larvae,Decapods,Decapods
Pleuronectidae_Egg,Pleuronectidae_Egg,Fish_Egg,Eggs,Eggs
Pleuronichthys_coenosus_Egg,Pleuronectidae_Egg,Fish_Egg,Eggs,Eggs
Podon_leuckartii,Podon,Podon,Cladocerans,Other
Podon_polyphemoides,Podon,Podon,Cladocerans,Other
Podonidae,Podonidae,Evadne,Cladocerans,Other
Polychaeta_Nectochaete,Polychaeta_Nectochaete,Polychaeta,Polychaetes,Other
Porcelain_Object,Objects,Objects,Detritus,Other
Porcellanidae_Zoea,Porcellanidae_Zoea,Porcellanidae_Larvae,Decapods,Decapods
Porcellanidae_Zoea_II,Porcellanidae_Zoea,Porcellanidae_Larvae,Decapods,Decapods
Pseudocalanus,Pseudocalanus,Pseudocalanus,Calanoids_Small,Calanoids_Small
Pteropoda,Pteropoda,Gastropoda,Gastropods,Other
Pteropoda_Veliger,Mollusca_Veliger,Gastropoda,Gastropods,Other
Rock_Object,Objects,Objects,Detritus,Other
Sagittoidea,Sagittoidea,Chaetognatha,Chaetognath,Chaetognath
Sarsamphiascus,Harpacticoida,Harpacticoids,Harpacticoids,Copepods_Other
Senticaudata,Senticaudata,Gammarida,Amphipods,Other
Siphonophorae,Siphonophorae,Siphonophore,Gelatinous,Gelatinous
Spionidae_Nectochaete,Spionidae_Nectochaete,Polychaeta,Polychaetes,Other
Themisto_pacifica,Themisto_pacifica,Themisto_pacifica,Amphipods,Other
Thysanoessa,Thysanoessa,Thysanoessa,Euphausiids,Euphausiids
Thysanoessa_inermis,Thysanoessa_inermis,Thysanoessa,Euphausiids,Euphausiids
Thysanoessa_raschii,Thysanoessa,Thysanoessa,Euphausiids,Euphausiids
Thysanoessa_spinifera,Thysanoessa_spinifera,Thysanoessa,Euphausiids,Euphausiids
Tisbe,Harpacticoida,Harpacticoids,Harpacticoids,Copepods_Other
Tomopteris,Tomopteris,Polychaeta,Polychaetes,Other
Tortanus_discaudatus,Tortanus_discaudatus,Tortanus,Calanoids_Small,Calanoids_Small
Trematoda_Parasite,Parasites,Parasite,Parasite,Other
Triconia_conifera,Cyclopoida,Oncaeidae,Cyclopoids,Copepods_Other